,total_pv,cpu_time_init,final_hip,3d_filesize,cuts,ini_fip,total,itr_max,nblocks,inj_pore_vol_gas,Rec_factor,sim_time,final_gip,time_steps,cumm_mass_error,itr/ts,total_pv0,EUR,cpu_time,definition_table_id,poroelastic,type_of_run
0,63714048.107624196,0.9344979999999996,0.0,57189184,0,33524008.48423736,311.948338,3,7500,1.0203288321530732,1.0,3650.0,100000.00000000006,1010,0.0,1.0326732673267327,63584943.90913622,33524008.48423736,311.943789,f028db6e-8214-4c09-8319-44cf3e327db7,no,Three phase: Black-Oil
