,total_pv,cpu_time_init,final_hip,3d_filesize,cuts,ini_fip,total,itr_max,nblocks,inj_pore_vol_gas,Rec_factor,sim_time,final_gip,time_steps,cumm_mass_error,itr/ts,total_pv0,EUR,cpu_time,definition_table_id,poroelastic,type_of_run
0,63999673.660345234,0.9180799999999998,0.21060507786737936,57189165,0,33456446.254687775,76.250029,5,7500,0.6733104859454722,0.9999999937050972,3650.0,1.1834308524521635,541,0.0,1.0129390018484288,63456785.722908914,33456446.044082697,76.241868,f25814eb-ac28-42d6-831b-3156228e6970,no,Three phase: Black-Oil
