,total_pv,cpu_time_init,final_hip,3d_filesize,cuts,ini_fip,total,itr_max,nblocks,inj_pore_vol_gas,Rec_factor,sim_time,final_gip,time_steps,cumm_mass_error,itr/ts,total_pv0,EUR,cpu_time,definition_table_id,poroelastic,type_of_run
0,64057962.781257644,1.1003910000000001,0.21383614792740543,57189163,0,33491165.14074771,73.243528,6,7500,0.665761141162692,0.9999999936151476,3650.0,1.197113128812153,538,0.0,1.0185873605947955,63522641.2661287,33491164.926911563,73.23816199999999,5fd47f5e-c42d-479f-a439-14703b2d841d,no,Three phase: Black-Oil
