,total_pv,cpu_time_init,final_hip,3d_filesize,cuts,ini_fip,total,itr_max,nblocks,inj_pore_vol_gas,Rec_factor,sim_time,final_gip,time_steps,cumm_mass_error,itr/ts,total_pv0,EUR,cpu_time,definition_table_id,poroelastic,type_of_run
0,63966691.96660626,1.0456880000000002,0.211857033580029,57189162,0,33443509.321856253,72.255059,6,7500,0.6702492691713082,0.9999999936652272,3650.0,1.1773094110586353,542,0.0,1.0166051660516606,63432253.792872004,33443509.10999922,72.25138600000001,cfef64a5-65cd-4623-aa18-bba3ee45fb5e,no,Three phase: Black-Oil
