,total_pv,cpu_time_init,final_hip,3d_filesize,cuts,ini_fip,total,itr_max,nblocks,inj_pore_vol_gas,Rec_factor,sim_time,final_gip,time_steps,cumm_mass_error,itr/ts,total_pv0,EUR,cpu_time,definition_table_id,poroelastic,type_of_run
0,64077914.50983538,1.0336599999999994,0.0,57189183,0,33475777.225481708,195.83214999999998,3,7500,0.9534004879508446,1.0,3650.0,99999.9999999998,807,0.0,1.0074349442379182,63493456.728670985,33475777.225481708,195.827251,bd5e2a8f-3a17-4924-8a06-1075de38a558,no,Three phase: Black-Oil
