,total_pv,cpu_time_init,final_hip,3d_filesize,cuts,ini_fip,total,itr_max,nblocks,inj_pore_vol_gas,Rec_factor,sim_time,final_gip,time_steps,cumm_mass_error,itr/ts,total_pv0,EUR,cpu_time,definition_table_id,poroelastic,type_of_run
0,63733280.3157568,1.1265070000000001,0.20892218076987162,57189177,0,33312405.816963185,202.961761,5,7500,0.7048286025748525,0.9999999937283971,3650.0,1.1742186590848518,991,0.0,1.0211907164480323,63183593.074446134,33312405.608041003,202.957625,448adafd-bb1b-4109-9005-036e9f00b2b5,no,Three phase: Black-Oil
