,total_pv,cpu_time_init,final_hip,3d_filesize,cuts,ini_fip,total,itr_max,nblocks,inj_pore_vol_gas,Rec_factor,sim_time,final_gip,time_steps,cumm_mass_error,itr/ts,total_pv0,EUR,cpu_time,definition_table_id,poroelastic,type_of_run
0,64003874.25028602,1.0510540000000006,0.0,57189178,0,33443509.321856253,134.94349499999998,2,7500,0.9447188584508177,1.0,3650.0,100000.00000000019,663,0.0,1.0075414781297134,63432253.792872004,33443509.321856253,134.939564,7faf08f4-af69-4d31-9960-f3b0d311ebba,no,Three phase: Black-Oil
