,total_pv,cpu_time_init,final_hip,3d_filesize,cuts,ini_fip,total,itr_max,nblocks,inj_pore_vol_gas,Rec_factor,sim_time,final_gip,time_steps,cumm_mass_error,itr/ts,total_pv0,EUR,cpu_time,definition_table_id,poroelastic,type_of_run
0,64216322.43585189,0.7935119999999998,0.0,57189188,0,33524008.48423736,682.352638,15,7500,0.9694580974762549,1.0,3650.0,100000.00000000118,1025,0.0,1.3258536585365854,63584943.90913622,33524008.48423736,682.3489129999999,7b1a6a8d-f905-4970-9f48-018edfe0b7f0,no,Three phase: Black-Oil
