,total_pv,cpu_time_init,final_hip,3d_filesize,cuts,ini_fip,total,itr_max,nblocks,inj_pore_vol_gas,Rec_factor,sim_time,final_gip,time_steps,cumm_mass_error,itr/ts,total_pv0,EUR,cpu_time,definition_table_id,poroelastic,type_of_run
0,64308277.65439614,0.9262799999999993,0.0,57189188,0,33573009.58018497,694.5407389999999,10,7500,0.9678090503205236,1.0,3650.0,100000.00000000023,1018,0.0,1.2102161100196465,63677869.1682588,33573009.58018497,694.5363179999999,22049529-59e2-4e12-a23f-7d3458c48bf6,no,Three phase: Black-Oil
