,total_pv,cpu_time_init,final_hip,3d_filesize,cuts,ini_fip,total,itr_max,nblocks,inj_pore_vol_gas,Rec_factor,sim_time,final_gip,time_steps,cumm_mass_error,itr/ts,total_pv0,EUR,cpu_time,definition_table_id,poroelastic,type_of_run
0,63769816.45805836,1.133457,0.2094702109487948,57189164,0,33337159.405125383,69.874692,5,7500,0.6596166351994841,0.9999999937166149,3650.0,1.1828146718367891,546,0.0,1.0146520146520146,63230542.112965055,33337159.19565517,69.869149,5564ddae-f416-425f-a2e7-0759e3b3e12d,no,Three phase: Black-Oil
