,total_pv,cpu_time_init,final_hip,3d_filesize,cuts,ini_fip,total,itr_max,nblocks,inj_pore_vol_gas,Rec_factor,sim_time,final_gip,time_steps,cumm_mass_error,itr/ts,total_pv0,EUR,cpu_time,definition_table_id,poroelastic,type_of_run
0,63980930.302484,1.0070519999999998,0.2097096865079496,57189176,0,33445669.093055718,166.46066000000002,6,7500,0.7149763639273932,0.9999999937298403,3650.0,1.1802867995130035,994,0.0,1.0150905432595574,63436356.54668852,33445668.88334603,166.455982,58b79f2a-043f-4391-9441-9a13c09a3fe0,no,Three phase: Black-Oil
