,total_pv,cpu_time_init,final_hip,3d_filesize,cuts,ini_fip,total,itr_max,nblocks,inj_pore_vol_gas,Rec_factor,sim_time,final_gip,time_steps,cumm_mass_error,itr/ts,total_pv0,EUR,cpu_time,definition_table_id,poroelastic,type_of_run
0,63451267.90232709,1.0140720000000005,0.0,57189179,0,33128450.277093954,317.957876,15,7500,0.9697322475193525,1.0,3650.0,100000.00000000009,836,0.0,1.3588516746411483,62834689.814317726,33128450.277093954,317.953059,7b35d20e-b2d2-4126-9263-df4117a68ef3,no,Three phase: Black-Oil
