,total_pv,cpu_time_init,final_hip,3d_filesize,cuts,ini_fip,total,itr_max,nblocks,inj_pore_vol_gas,Rec_factor,sim_time,final_gip,time_steps,cumm_mass_error,itr/ts,total_pv0,EUR,cpu_time,definition_table_id,poroelastic,type_of_run
0,64018646.86218548,1.0668450000000007,0.0,57189169,0,33492299.729200236,201.651894,4,7500,0.9949124851847998,1.0,3650.0,99999.99999999999,827,0.0,1.0689238210399032,63524798.3841147,33492299.729200236,201.646374,03735694-9613-4e84-bdb2-8552e14d5f74,no,Three phase: Black-Oil
