,total_pv,cpu_time_init,final_hip,3d_filesize,cuts,ini_fip,total,itr_max,nblocks,inj_pore_vol_gas,Rec_factor,sim_time,final_gip,time_steps,cumm_mass_error,itr/ts,total_pv0,EUR,cpu_time,definition_table_id,poroelastic,type_of_run
0,64310903.69304758,1.2006630000000005,0.21106769074757042,57189178,0,33620369.21259986,192.379445,5,7500,0.7653739791070892,0.9999999937220294,3650.0,1.1862066792002584,996,0.0,1.0230923694779117,63767706.7879112,33620369.00153217,192.372892,9cd82e60-baef-4d2d-a499-35f95c8f06ca,no,Three phase: Black-Oil
