,total_pv,cpu_time_init,final_hip,3d_filesize,cuts,ini_fip,total,itr_max,nblocks,inj_pore_vol_gas,Rec_factor,sim_time,final_gip,time_steps,cumm_mass_error,itr/ts,total_pv0,EUR,cpu_time,definition_table_id,poroelastic,type_of_run
0,63965064.19455157,1.0411140000000003,0.0,57189169,0,33471940.030088495,264.273164,15,7500,0.9983800323386153,1.0,3650.0,100000.00000000023,852,0.0,1.2758215962441315,63486181.742522106,33471940.030088495,264.26649100000003,da7e66b8-136b-4356-8869-f0e5f693ba56,no,Three phase: Black-Oil
