,total_pv,cpu_time_init,final_hip,3d_filesize,cuts,ini_fip,total,itr_max,nblocks,inj_pore_vol_gas,Rec_factor,sim_time,final_gip,time_steps,cumm_mass_error,itr/ts,total_pv0,EUR,cpu_time,definition_table_id,poroelastic,type_of_run
0,63456440.5045781,0.9062779999999986,0.0,57189183,0,33383830.16389591,321.51399699999996,3,7500,1.0244709564619663,1.0,3650.0,99999.99999999994,1022,0.0,1.0459882583170255,63319068.543253414,33383830.16389591,321.50847899999997,3e939889-cc40-4059-ad85-af5c6241bff5,no,Three phase: Black-Oil
