,total_pv,cpu_time_init,final_hip,3d_filesize,cuts,ini_fip,total,itr_max,nblocks,inj_pore_vol_gas,Rec_factor,sim_time,final_gip,time_steps,cumm_mass_error,itr/ts,total_pv0,EUR,cpu_time,definition_table_id,poroelastic,type_of_run
0,64234046.55783798,1.1211330000000004,0.20997489786276125,57189177,0,33571400.97274243,166.983541,6,7500,0.7100107793828137,0.9999999937454235,3650.0,1.1781413219763701,955,0.0,1.018848167539267,63674823.82521973,33571400.76276753,166.978321,3a4e5903-d0a6-4763-9961-5a6c579b55be,no,Three phase: Black-Oil
