,total_pv,cpu_time_init,final_hip,3d_filesize,cuts,ini_fip,total,itr_max,nblocks,inj_pore_vol_gas,Rec_factor,sim_time,final_gip,time_steps,cumm_mass_error,itr/ts,total_pv0,EUR,cpu_time,definition_table_id,poroelastic,type_of_run
0,64355948.879157834,1.0536950000000012,0.0,57189183,0,33620369.21259986,229.37860799999999,3,7500,0.9502981437369912,1.0,3650.0,99999.99999999987,808,0.0,1.00990099009901,63767706.7879112,33620369.21259986,229.37111099999998,f1513857-17fa-4b7d-95ef-3e15f92ae198,no,Three phase: Black-Oil
