,total_pv,cpu_time_init,final_hip,3d_filesize,cuts,ini_fip,total,itr_max,nblocks,inj_pore_vol_gas,Rec_factor,sim_time,final_gip,time_steps,cumm_mass_error,itr/ts,total_pv0,EUR,cpu_time,definition_table_id,poroelastic,type_of_run
0,64051175.48227807,0.83493,0.209370985293212,57189178,0,33475777.225481708,189.75135500000002,5,7500,0.6993350241944105,0.9999999937455974,3650.0,1.176751373059625,993,0.0,1.0261832829808661,63493456.728670985,33475777.016110726,189.747051,4d924283-b1dc-459b-8e17-3feb6a6e4689,no,Three phase: Black-Oil
