,total_pv,cpu_time_init,final_hip,3d_filesize,cuts,ini_fip,total,itr_max,nblocks,inj_pore_vol_gas,Rec_factor,sim_time,final_gip,time_steps,cumm_mass_error,itr/ts,total_pv0,EUR,cpu_time,definition_table_id,poroelastic,type_of_run
0,63823831.03698443,1.1274449999999998,0.0,57189185,0,33573009.58018497,327.07959600000004,3,7500,1.018573771601481,1.0,3650.0,99999.99999999991,1078,0.0,1.0278293135435992,63677869.1682588,33573009.58018497,327.07408799999996,f44f603a-7824-4eb7-b8ee-09f5f27120a8,no,Three phase: Black-Oil
