,total_pv,cpu_time_init,final_hip,3d_filesize,cuts,ini_fip,total,itr_max,nblocks,inj_pore_vol_gas,Rec_factor,sim_time,final_gip,time_steps,cumm_mass_error,itr/ts,total_pv0,EUR,cpu_time,definition_table_id,poroelastic,type_of_run
0,64087349.49741633,1.1727229999999995,0.0,57189171,0,33532899.667839814,413.298704,15,7500,0.9984968331299201,1.0,3650.0,99999.99999999991,961,0.0,1.6576482830385015,63601820.185144365,33532899.667839814,413.29177999999996,087d43e5-e8d9-46c7-a544-815a3d80234e,no,Three phase: Black-Oil
