,total_pv,cpu_time_init,final_hip,3d_filesize,cuts,ini_fip,total,itr_max,nblocks,inj_pore_vol_gas,Rec_factor,sim_time,final_gip,time_steps,cumm_mass_error,itr/ts,total_pv0,EUR,cpu_time,definition_table_id,poroelastic,type_of_run
0,64237705.041134626,0.8879720000000013,0.0,57189188,0,33535277.854006182,649.028023,15,7500,0.9690517931660061,1.0,3650.0,99999.99999999974,1011,0.0,1.2878338278931751,63606303.60684078,33535277.854006182,649.0208269999999,80fd2b14-d3e6-4168-b285-3c0204e96273,no,Three phase: Black-Oil
