,total_pv,cpu_time_init,final_hip,3d_filesize,cuts,ini_fip,total,itr_max,nblocks,inj_pore_vol_gas,Rec_factor,sim_time,final_gip,time_steps,cumm_mass_error,itr/ts,total_pv0,EUR,cpu_time,definition_table_id,poroelastic,type_of_run
0,64238003.97820062,1.071498,0.0,57189189,0,33535836.053780753,2786.5273620000003,15,7500,0.9694014032056,1.0,3650.0,99999.99999999945,2497,0.0,4.154985983179816,63607361.01761823,33535836.053780753,2786.5249280000003,2e9e9441-dd4b-4e01-988f-9380a9f5fd47,no,Three phase: Black-Oil
