,total_pv,cpu_time_init,final_hip,3d_filesize,cuts,ini_fip,total,itr_max,nblocks,inj_pore_vol_gas,Rec_factor,sim_time,final_gip,time_steps,cumm_mass_error,itr/ts,total_pv0,EUR,cpu_time,definition_table_id,poroelastic,type_of_run
0,64095233.09089559,1.119866,0.0,57189178,0,33491165.14074771,127.72220399999999,2,7500,0.9436881508192824,1.0,3650.0,99999.99999999993,663,0.0,1.0075414781297134,63522641.2661287,33491165.14074771,127.71734399999998,59329ae7-a823-41de-bf65-fffd381aded2,no,Three phase: Black-Oil
