,total_pv,cpu_time_init,final_hip,3d_filesize,cuts,ini_fip,total,itr_max,nblocks,inj_pore_vol_gas,Rec_factor,sim_time,final_gip,time_steps,cumm_mass_error,itr/ts,total_pv0,EUR,cpu_time,definition_table_id,poroelastic,type_of_run
0,63894684.24230384,1.1696789999999986,0.20666231470243646,57189164,0,33404276.02812883,82.43158299999999,6,7500,0.6394713778820975,0.9999999938132976,3650.0,1.1966000942442248,575,0.0,1.017391304347826,63357854.3705704,33404275.821466513,82.427458,78610661-e2fa-41af-bba1-d76ebb9ac119,no,Three phase: Black-Oil
