,total_pv,cpu_time_init,final_hip,3d_filesize,cuts,ini_fip,total,itr_max,nblocks,inj_pore_vol_gas,Rec_factor,sim_time,final_gip,time_steps,cumm_mass_error,itr/ts,total_pv0,EUR,cpu_time,definition_table_id,poroelastic,type_of_run
0,95992324.88322155,1.0901389999999989,0.21483088174591783,57189168,0,50175063.434686825,116.223849,5,7500,0.48553258092062535,0.9999999957183735,3650.0,1.2078620153949198,686,0.0,1.0145772594752187,95166969.97077565,50175063.21985594,116.21687700000001,5d0b1029-d713-4310-a93a-192c4ec32e5d,no,Three phase: Black-Oil
