,total_pv,cpu_time_init,final_hip,3d_filesize,cuts,ini_fip,total,itr_max,nblocks,inj_pore_vol_gas,Rec_factor,sim_time,final_gip,time_steps,cumm_mass_error,itr/ts,total_pv0,EUR,cpu_time,definition_table_id,poroelastic,type_of_run
0,63947637.19512567,1.1309570000000004,0.0,57189188,0,33383830.16389591,867.180621,15,7500,0.9728898848515672,1.0,3650.0,100000.00000000186,1141,0.0,1.673093777388256,63319068.543253414,33383830.16389591,867.1763119999999,8c786a4b-b866-4d8d-b140-ae068dac0758,no,Three phase: Black-Oil
