,total_pv,cpu_time_init,final_hip,3d_filesize,cuts,ini_fip,total,itr_max,nblocks,inj_pore_vol_gas,Rec_factor,sim_time,final_gip,time_steps,cumm_mass_error,itr/ts,total_pv0,EUR,cpu_time,definition_table_id,poroelastic,type_of_run
0,64347342.16804058,1.0738500000000002,0.2117642477320996,57189179,0,33643672.5558283,177.440168,7,7500,0.7946005856641921,0.9999999937056738,3650.0,1.1902547405653352,996,0.0,1.0150602409638554,63811864.26197765,33643672.34406406,177.43457500000002,908523b9-8011-4401-9285-d03868b846cb,no,Three phase: Black-Oil
