,total_pv,cpu_time_init,final_hip,3d_filesize,cuts,ini_fip,total,itr_max,nblocks,inj_pore_vol_gas,Rec_factor,sim_time,final_gip,time_steps,cumm_mass_error,itr/ts,total_pv0,EUR,cpu_time,definition_table_id,poroelastic,type_of_run
0,63735539.600359,1.094818,0.0,57189184,0,33535277.854006182,313.81541699999997,9,7500,1.0199847793715195,1.0,3650.0,99999.99999999977,960,0.0,1.0447916666666666,63606303.60684078,33535277.854006182,313.80989999999997,638df41d-9c39-4dbd-a515-9ae3cabc7756,no,Three phase: Black-Oil
