,total_pv,cpu_time_init,final_hip,3d_filesize,cuts,ini_fip,total,itr_max,nblocks,inj_pore_vol_gas,Rec_factor,sim_time,final_gip,time_steps,cumm_mass_error,itr/ts,total_pv0,EUR,cpu_time,definition_table_id,poroelastic,type_of_run
0,95960234.44913101,0.8491979999999995,0.2145505622679824,57189140,0,50175063.434686825,48.883664,5,7500,0.4463824885926581,0.9999999957239604,3650.0,1.2050885438381804,407,0.0,1.0221130221130221,95166969.97077565,50175063.22013626,48.879215,490aa28d-9ab1-4c21-a743-107a92c1f658,no,Three phase: Black-Oil
