,total_pv,cpu_time_init,final_hip,3d_filesize,cuts,ini_fip,total,itr_max,nblocks,inj_pore_vol_gas,Rec_factor,sim_time,final_gip,time_steps,cumm_mass_error,itr/ts,total_pv0,EUR,cpu_time,definition_table_id,poroelastic,type_of_run
0,96021364.86349915,1.0446550000000006,0.0,57189175,0,50175063.434686825,203.77495399999998,3,7500,0.676608035078575,1.0,3650.0,100000.00000000006,652,0.0,1.0107361963190185,95166969.97077565,50175063.434686825,203.76664,83f7c7cf-8bcd-4d65-bfb2-37bcb5b42097,no,Three phase: Black-Oil
