,total_pv,cpu_time_init,final_hip,3d_filesize,cuts,ini_fip,total,itr_max,nblocks,inj_pore_vol_gas,Rec_factor,sim_time,final_gip,time_steps,cumm_mass_error,itr/ts,total_pv0,EUR,cpu_time,definition_table_id,poroelastic,type_of_run
0,64211364.35818596,1.1490899999999993,0.20739273858345503,57189163,0,33576806.81821939,76.48370100000001,6,7500,0.7102191692584856,0.9999999938233335,3650.0,1.2173689903195803,574,0.0,1.0139372822299653,63685059.56154547,33576806.610826656,76.479636,7d54c65d-b7df-49dd-b133-813907b721fe,no,Three phase: Black-Oil
