,total_pv,cpu_time_init,final_hip,3d_filesize,cuts,ini_fip,total,itr_max,nblocks,inj_pore_vol_gas,Rec_factor,sim_time,final_gip,time_steps,cumm_mass_error,itr/ts,total_pv0,EUR,cpu_time,definition_table_id,poroelastic,type_of_run
0,96016462.01746675,1.1009309999999992,0.0,57189165,0,50175063.434686825,119.01267700000001,2,7500,0.6702241830637494,1.0,3650.0,100000.00000000004,542,0.0,1.0092250922509225,95166969.97077565,50175063.434686825,119.004701,03df0b52-c666-443a-99e8-bbedde3fdaba,no,Three phase: Black-Oil
