,total_pv,cpu_time_init,final_hip,3d_filesize,cuts,ini_fip,total,itr_max,nblocks,inj_pore_vol_gas,Rec_factor,sim_time,final_gip,time_steps,cumm_mass_error,itr/ts,total_pv0,EUR,cpu_time,definition_table_id,poroelastic,type_of_run
0,63980933.340527005,1.0511300000000006,0.0,57189188,0,33401156.881210852,847.792256,15,7500,0.9731546314348655,1.0,3650.0,99999.99999999808,1146,0.0,1.6570680628272252,63351932.87021667,33401156.881210852,847.788299,8d998d56-4473-473f-8808-db359a03d387,no,Three phase: Black-Oil
