,total_pv,cpu_time_init,final_hip,3d_filesize,cuts,ini_fip,total,itr_max,nblocks,inj_pore_vol_gas,Rec_factor,sim_time,final_gip,time_steps,cumm_mass_error,itr/ts,total_pv0,EUR,cpu_time,definition_table_id,poroelastic,type_of_run
0,64156097.53707668,1.2144189999999995,0.21107418918488619,57189177,0,33525082.852632787,167.04126699999998,6,7500,0.56801155228751,0.9999999937039921,3650.0,1.188224600984436,823,0.0,1.034021871202916,63586974.137828924,33525082.6415586,167.03607599999998,9d00c3fe-833d-4bbf-bf91-54f8fad1affe,no,Three phase: Black-Oil
