,total_pv,cpu_time_init,final_hip,3d_filesize,cuts,ini_fip,total,itr_max,nblocks,inj_pore_vol_gas,Rec_factor,sim_time,final_gip,time_steps,cumm_mass_error,itr/ts,total_pv0,EUR,cpu_time,definition_table_id,poroelastic,type_of_run
0,64431649.90846987,1.1882400000000004,0.0,57189188,0,33636551.6815661,1041.817366,15,7500,0.9667756679571923,1.0,3650.0,100000.0000000013,1159,0.0,1.7791199309749783,63798413.99688845,33636551.6815661,1041.813514,b4ef9a57-c156-4c30-98f0-855a48734d34,no,Three phase: Black-Oil
