,total_pv,cpu_time_init,final_hip,3d_filesize,cuts,ini_fip,total,itr_max,nblocks,inj_pore_vol_gas,Rec_factor,sim_time,final_gip,time_steps,cumm_mass_error,itr/ts,total_pv0,EUR,cpu_time,definition_table_id,poroelastic,type_of_run
0,63290052.85100311,1.1571090000000002,0.20961934759282744,57189179,0,33075661.98050117,186.29349399999998,6,7500,0.660705041144618,0.9999999936624293,3650.0,1.1818336889978975,900,0.0,1.0266666666666666,62734531.86547737,33075661.770881828,186.28832899999998,c740aa95-abbc-4690-8f31-f0f965762bb1,no,Three phase: Black-Oil
