,total_pv,cpu_time_init,final_hip,3d_filesize,cuts,ini_fip,total,itr_max,nblocks,inj_pore_vol_gas,Rec_factor,sim_time,final_gip,time_steps,cumm_mass_error,itr/ts,total_pv0,EUR,cpu_time,definition_table_id,poroelastic,type_of_run
0,63789304.970868185,1.1753479999999996,0.0,57189168,0,33359129.202778473,214.237619,15,7500,0.9918806784628001,1.0,3650.0,99999.99999999981,805,0.0,1.0956521739130434,63272204.097596705,33359129.202778473,214.23306499999998,526dec65-1586-471b-b65f-0a110f6526c1,no,Three phase: Black-Oil
