,total_pv,cpu_time_init,final_hip,3d_filesize,cuts,ini_fip,total,itr_max,nblocks,inj_pore_vol_gas,Rec_factor,sim_time,final_gip,time_steps,cumm_mass_error,itr/ts,total_pv0,EUR,cpu_time,definition_table_id,poroelastic,type_of_run
0,63764235.3916395,0.9155889999999989,0.0,57189183,0,33312405.816963185,211.035901,3,7500,0.9571735599056688,1.0,3650.0,99999.99999999972,805,0.0,1.008695652173913,63183593.074446134,33312405.816963185,211.029969,65f6cb9d-d5e0-4432-925c-d9b2800187d2,no,Three phase: Black-Oil
