,total_pv,cpu_time_init,final_hip,3d_filesize,cuts,ini_fip,total,itr_max,nblocks,inj_pore_vol_gas,Rec_factor,sim_time,final_gip,time_steps,cumm_mass_error,itr/ts,total_pv0,EUR,cpu_time,definition_table_id,poroelastic,type_of_run
0,95856827.68515947,0.6185030000000005,0.0,57189176,0,50175063.434686825,284.410123,3,7500,0.6781914430855057,1.0,3650.0,100000.00000000009,899,0.0,1.025583982202447,95166969.97077565,50175063.434686825,284.405172,df2b9f2c-78e6-43d8-b3ad-793995672b38,no,Three phase: Black-Oil
