,total_pv,cpu_time_init,final_hip,3d_filesize,cuts,ini_fip,total,itr_max,nblocks,inj_pore_vol_gas,Rec_factor,sim_time,final_gip,time_steps,cumm_mass_error,itr/ts,total_pv0,EUR,cpu_time,definition_table_id,poroelastic,type_of_run
0,63469034.330225915,0.7341699999999998,0.0,57189184,0,33401156.881210852,336.338098,5,7500,1.0242676760947285,1.0,3650.0,100000.0000000002,1021,0.0,1.0342801175318315,63351932.87021667,33401156.881210852,336.333467,8f69f3e1-2a52-4f46-be83-33fe093b5770,no,Three phase: Black-Oil
