,total_pv,cpu_time_init,final_hip,3d_filesize,cuts,ini_fip,total,itr_max,nblocks,inj_pore_vol_gas,Rec_factor,sim_time,final_gip,time_steps,cumm_mass_error,itr/ts,total_pv0,EUR,cpu_time,definition_table_id,poroelastic,type_of_run
0,96069560.80868049,1.1679940000000002,0.0,57189154,0,50175063.434686825,127.40888199999999,4,7500,0.6766896793341326,1.0,3650.0,100000.0,592,0.0,1.0287162162162162,95166969.97077565,50175063.434686825,127.40530600000001,55b2b484-3d7e-4bd9-a74e-8d67f3e900f3,no,Three phase: Black-Oil
