,total_pv,cpu_time_init,final_hip,3d_filesize,cuts,ini_fip,total,itr_max,nblocks,inj_pore_vol_gas,Rec_factor,sim_time,final_gip,time_steps,cumm_mass_error,itr/ts,total_pv0,EUR,cpu_time,definition_table_id,poroelastic,type_of_run
0,63879270.360554144,0.9396960000000014,0.2098876985253222,57189164,0,33395069.884473037,65.305229,6,7500,0.6802295221692275,0.9999999937150095,3650.0,1.194267237143366,557,0.0,1.0161579892280073,63340385.94452688,33395069.67458534,65.301208,eb8e85bd-d4e4-420f-bf7a-4bff69380ea3,no,Three phase: Black-Oil
