,total_pv,cpu_time_init,final_hip,3d_filesize,cuts,ini_fip,total,itr_max,nblocks,inj_pore_vol_gas,Rec_factor,sim_time,final_gip,time_steps,cumm_mass_error,itr/ts,total_pv0,EUR,cpu_time,definition_table_id,poroelastic,type_of_run
0,63804283.36862755,1.0325860000000002,0.0,57189177,0,33337159.405125383,136.877455,2,7500,0.9490047842207082,1.0,3650.0,99999.99999999984,662,0.0,1.0060422960725075,63230542.112965055,33337159.405125383,136.873386,021cbaf6-4136-4c92-99ee-a86ac259ac8b,no,Three phase: Black-Oil
