,total_pv,cpu_time_init,final_hip,3d_filesize,cuts,ini_fip,total,itr_max,nblocks,inj_pore_vol_gas,Rec_factor,sim_time,final_gip,time_steps,cumm_mass_error,itr/ts,total_pv0,EUR,cpu_time,definition_table_id,poroelastic,type_of_run
0,96018647.13137016,1.0281119999999984,0.0,57189183,0,50175063.434686825,338.231458,3,7500,0.6770484925542927,1.0,3650.0,100000.00000000144,768,0.0,1.0169270833333333,95166969.97077565,50175063.434686825,338.227469,59d31b08-ead5-4f6c-80d5-f9f34221f749,no,Three phase: Black-Oil
