,total_pv,cpu_time_init,final_hip,3d_filesize,cuts,ini_fip,total,itr_max,nblocks,inj_pore_vol_gas,Rec_factor,sim_time,final_gip,time_steps,cumm_mass_error,itr/ts,total_pv0,EUR,cpu_time,definition_table_id,poroelastic,type_of_run
0,63863072.179497845,1.1943680000000008,0.0,57189169,0,33415182.050782345,189.638417,4,7500,0.9990423442414585,1.0,3650.0,100000.0000000001,814,0.0,1.054054054054054,63378537.32537738,33415182.050782345,189.63296200000002,c23010a6-bf1d-4c96-b388-78df53be427b,no,Three phase: Black-Oil
